View,Clip_ID,Total_Skeletons,Total_Frames,Diff,Start_Frame_ID,End_Frame_ID,Missing_start,Missing_end,Missing%,
view_1,a01_s01_e00,44,44,0,167,210,,,0,
view_1,a01_s01_e01,47,47,0,397,443,,,0,
view_1,a01_s01_e02,64,64,0,510,573,,,0,
view_1,a01_s01_e03,51,51,0,905,955,,,0,
view_1,a01_s01_e04,46,46,0,1100,1145,,,0,
view_1,a01_s02_e00,25,25,0,152,176,,,0,
view_1,a01_s02_e01,32,32,0,329,360,,,0,
view_1,a01_s02_e02,33,33,0,510,542,,,0,
view_1,a01_s02_e03,31,31,0,709,739,,,0,
view_1,a01_s02_e04,19,19,0,887,905,,,0,
view_1,a01_s03_e00,25,25,0,236,260,,,0,
view_1,a01_s03_e01,53,53,0,496,548,,,0,
view_1,a01_s03_e02,51,51,0,1010,1060,,,0,
view_1,a01_s03_e03,41,41,0,1220,1260,,,0,
view_1,a01_s03_e04,54,54,0,1357,1410,,,0,
view_1,a01_s04_e00,21,21,0,170,190,,,0,
view_1,a01_s04_e01,41,41,0,270,310,,,0,
view_1,a01_s04_e02,44,44,0,547,590,,,0,
view_1,a01_s04_e03,58,58,0,683,740,,,0,
view_1,a01_s04_e04,31,31,0,850,880,,,0,
view_1,a01_s04_e05,20,20,0,991,1010,,,0,
view_1,a01_s05_e00,83,83,0,100,182,,,0,
view_1,a01_s05_e01,54,54,0,417,470,,,0,
view_1,a01_s05_e02,51,51,0,715,765,,,0,
view_1,a01_s05_e03,51,51,0,1000,1050,,,0,
view_1,a01_s05_e04,46,46,0,1260,1305,,,0,
view_1,a01_s06_e00,36,36,0,480,515,,,0,
view_1,a01_s06_e01,35,35,0,600,634,,,0,
view_1,a01_s06_e02,28,28,0,723,750,,,0,
view_1,a01_s06_e03,21,21,0,862,882,,,0,
view_1,a01_s06_e04,24,24,0,994,1017,,,0,
view_1,a01_s07_e00,35,35,0,317,351,,,0,
view_1,a01_s07_e01,31,31,0,790,820,,,0,
view_1,a01_s07_e02,35,35,0,1038,1072,,,0,
view_1,a01_s07_e03,39,39,0,1306,1344,,,0,
view_1,a01_s07_e04,34,34,0,1543,1576,,,0,
view_1,a01_s08_e00,42,21,-21,230,250,,,0,
view_1,a01_s08_e01,19,19,0,307,325,,,0,
view_1,a01_s08_e02,202,115,-87,420,534,,,0,
view_1,a01_s08_e03,64,36,-28,593,628,,,0,
view_1,a01_s08_e04,34,34,0,989,1022,,,0,
view_1,a01_s08_e05,63,63,0,1260,1322,,,0,
view_1,a01_s08_e06,27,27,0,1444,1470,,,0,
view_1,a01_s09_e00,37,37,0,222,258,,,0,
view_1,a01_s09_e01,38,38,0,488,525,,,0,
view_1,a01_s09_e02,32,32,0,702,733,,,0,
view_1,a01_s09_e03,35,35,0,912,946,,,0,
view_1,a01_s09_e04,25,25,0,1083,1107,,,0,
view_1,a01_s10_e00,36,36,0,65,100,,,0,
view_1,a01_s10_e01,36,36,0,215,250,215,217,8.333333333,
view_1,a01_s10_e02,50,50,0,336,385,,,0,
view_1,a01_s10_e03,36,36,0,495,530,495,498,11.11111111,
view_1,a01_s10_e04,70,70,0,741,810,,,0,
view_1,a02_s01_e00,55,55,0,100,154,,,0,
view_1,a02_s01_e01,59,59,0,228,286,,,0,
view_1,a02_s01_e02,69,69,0,350,418,,,0,
view_1,a02_s01_e03,76,76,0,471,546,,,0,
view_1,a02_s01_e04,31,31,0,640,670,,,0,
view_1,a02_s02_e00,57,57,0,86,142,,,0,
view_1,a02_s02_e01,35,35,0,287,321,,,0,
view_1,a02_s02_e02,53,53,0,400,452,,,0,
view_1,a02_s02_e03,41,41,0,551,591,,,0,
view_1,a02_s02_e04,36,36,0,705,740,,,0,
view_1,a02_s03_e00,86,86,0,80,165,,,0,
view_1,a02_s03_e01,50,50,0,301,350,,,0,
view_1,a02_s03_e02,50,50,0,496,545,,,0,
view_1,a02_s03_e03,56,56,0,665,720,,,0,
view_1,a02_s03_e04,51,51,0,886,936,,,0,
view_1,a02_s04_e00,51,51,0,100,150,,,0,
view_1,a02_s04_e01,55,55,0,276,330,,,0,
view_1,a02_s04_e02,29,29,0,617,645,,,0,
view_1,a02_s04_e03,28,28,0,743,770,,,0,
view_1,a02_s04_e04,44,44,0,885,928,,,0,
view_1,a02_s05_e00,26,26,0,120,145,,,0,
view_1,a02_s05_e01,58,58,0,288,345,,,0,
view_1,a02_s05_e02,30,30,0,506,535,,,0,
view_1,a02_s05_e03,41,41,0,700,740,,,0,
view_1,a02_s05_e04,31,31,0,890,920,,,0,
view_1,a02_s06_e00,32,32,0,41,72,,,0,
view_1,a02_s06_e01,25,25,0,142,166,,,0,
view_1,a02_s06_e02,25,25,0,230,254,,,0,
view_1,a02_s06_e03,35,35,0,322,356,,,0,
view_1,a02_s06_e04,25,25,0,516,540,,,0,
view_1,a02_s06_e05,27,27,0,650,676,,,0,
view_1,a02_s07_e00,34,34,0,34,67,,,0,
view_1,a02_s07_e01,38,38,0,205,242,,,0,
view_1,a02_s07_e02,35,35,0,385,419,,,0,
view_1,a02_s07_e03,53,53,0,571,623,,,0,
view_1,a02_s07_e04,45,45,0,762,806,,,0,
view_1,a02_s07_e05,39,39,0,925,963,,,0,
view_1,a02_s08_e00,27,27,0,40,66,,,0,
view_1,a02_s08_e01,21,21,0,180,200,,,0,
view_1,a02_s08_e02,35,35,0,510,544,,,0,
view_1,a02_s08_e03,56,56,0,695,750,,,0,
view_1,a02_s08_e04,51,51,0,880,930,,,0,
view_1,a02_s09_e00,55,55,0,74,128,,,0,
view_1,a02_s09_e01,38,38,0,329,366,,,0,
view_1,a02_s09_e02,60,60,0,688,747,,,0,
view_1,a02_s09_e03,45,45,0,962,1006,,,0,
view_1,a02_s10_e00,50,50,0,36,85,,,0,
view_1,a02_s10_e01,81,81,0,250,330,,,0,
view_1,a02_s10_e02,51,51,0,480,530,480,480,1.960784314,
view_1,a02_s10_e03,71,71,0,680,750,,,0,
view_1,a02_s10_e04,36,36,0,905,940,,,0,
view_1,a02_s10_e05,51,51,0,1130,1180,,,0,
view_1,a03_s01_e00,106,106,0,100,205,,,0,
view_1,a03_s01_e01,131,131,0,310,440,,,0,
view_1,a03_s01_e02,99,99,0,502,600,,,0,
view_1,a03_s01_e03,113,113,0,650,762,,,0,
view_1,a03_s01_e04,69,69,0,830,898,,,0,
view_1,a03_s02_e00,31,31,0,147,177,,,0,
view_1,a03_s02_e01,28,28,0,260,287,,,0,
view_1,a03_s02_e02,26,26,0,393,418,,,0,
view_1,a03_s02_e03,50,50,0,521,570,,,0,
view_1,a03_s02_e04,33,33,0,631,663,,,0,
view_1,a03_s03_e00,37,37,0,45,81,,,0,
view_1,a03_s03_e01,33,33,0,202,234,,,0,
view_1,a03_s03_e02,62,62,0,310,371,,,0,
view_1,a03_s03_e03,36,36,0,475,510,,,0,
view_1,a03_s03_e04,42,42,0,622,663,,,0,
view_1,a03_s03_e05,30,30,0,756,785,,,0,
view_1,a03_s04_e00,36,36,0,75,110,,,0,
view_1,a03_s04_e01,39,39,0,137,175,,,0,
view_1,a03_s04_e02,46,46,0,315,360,,,0,
view_1,a03_s04_e03,47,47,0,536,582,,,0,
view_1,a03_s04_e04,36,36,0,610,645,,,0,
view_1,a03_s05_e00,63,63,0,228,290,,,0,
view_1,a03_s05_e01,56,56,0,460,515,,,0,
view_1,a03_s05_e02,85,85,0,566,650,,,0,
view_1,a03_s05_e03,31,31,0,780,810,,,0,
view_1,a03_s06_e00,28,28,0,43,70,,,0,
view_1,a03_s06_e01,N/A,N/A,N/A,N/A,N/A,,,N/A,
view_1,a03_s06_e02,23,23,0,189,211,,,0,
view_1,a03_s06_e03,25,25,0,284,308,,,0,
view_1,a03_s06_e04,24,24,0,376,399,,,0,
view_1,a03_s07_e00,52,52,0,18,69,18,46,55.76923077,
view_1,a03_s07_e01,18,18,0,209,226,,,0,
view_1,a03_s07_e02,29,29,0,381,409,381,400,68.96551724,
view_1,a03_s07_e03,62,62,0,640,701,,,0,
view_1,a03_s07_e04,28,28,0,871,898,,,0,
view_1,a03_s08_e00,42,42,0,49,90,,,0,
view_1,a03_s08_e01,55,55,0,378,432,,,0,
view_1,a03_s08_e02,61,61,0,570,630,,,0,
view_1,a03_s08_e03,33,33,0,780,812,780,780,3.03030303,
view_1,a03_s08_e04,31,31,0,900,930,,,0,
view_1,a03_s08_e05,51,51,0,1070,1120,,,0,
view_1,a03_s08_e06,25,25,0,1230,1254,,,0,
view_1,a03_s09_e00,22,22,0,147,168,,,0,
view_1,a03_s09_e01,6,6,0,379,384,,,0,
view_1,a03_s09_e02,19,19,0,550,568,,,0,
view_1,a03_s09_e03,29,29,0,725,753,,,0,
view_1,a03_s09_e04,38,38,0,1251,1288,,,0,
view_1,a03_s10_e00,52,52,0,65,116,,,0,
view_1,a03_s10_e01,31,31,0,180,210,,,0,
view_1,a03_s10_e02,60,60,0,516,575,,,0,
view_1,a03_s10_e03,43,43,0,756,798,,,0,
view_1,a03_s10_e04,165,165,0,866,1030,,,0,
view_1,a04_s01_e00,141,141,0,22,162,,,0,
view_1,a04_s01_e01,107,107,0,300,406,335,356,20.56074766,mid
view_1,a04_s01_e02,44,44,0,423,466,,,0,
view_1,a04_s01_e03,84,84,0,497,580,,,0,
view_1,a04_s01_e04,120,120,0,581,700,,,0,
view_1,a04_s01_e05,50,50,0,726,775,,,0,
view_1,a04_s02_e00,25,25,0,66,90,,,0,
view_1,a04_s02_e01,48,48,0,116,163,,,0,
view_1,a04_s02_e02,120,120,0,327,446,,,0,
view_1,a04_s02_e03,51,51,0,509,559,,,0,
view_1,a04_s02_e04,28,28,0,637,664,,,0,
view_1,a04_s02_e05,57,57,0,911,967,,,0,
view_1,a04_s03_e00,33,33,0,44,76,,,0,
view_1,a04_s03_e01,33,33,0,122,154,,,0,
view_1,a04_s03_e02,97,97,0,351,447,,,0,
view_1,a04_s03_e03,76,76,0,526,601,,,0,
view_1,a04_s03_e04,51,51,0,620,670,,,0,
view_1,a04_s03_e05,44,44,0,750,793,,,0,
view_1,a04_s04_e00,30,30,0,32,61,,,0,
view_1,a04_s04_e01,26,26,0,68,93,,,0,
view_1,a04_s04_e02,46,46,0,103,148,,,0,
view_1,a04_s04_e03,31,31,0,265,295,,,0,
view_1,a04_s04_e04,38,38,0,300,337,,,0,
view_1,a04_s04_e05,34,34,0,346,379,,,0,
view_1,a04_s04_e06,28,28,0,385,412,,,0,
view_1,a04_s04_e07,37,37,0,446,482,,,0,
view_1,a04_s04_e08,36,36,0,491,526,,,0,
view_1,a04_s04_e09,36,36,0,535,570,,,0,
view_1,a04_s04_e10,22,22,0,579,600,,,0,
view_1,a04_s05_e00,83,83,0,50,132,,,0,
view_1,a04_s05_e01,40,40,0,211,250,,,0,
view_1,a04_s05_e02,75,75,0,261,335,,,0,
view_1,a04_s05_e03,31,31,0,395,425,,,0,
view_1,a04_s05_e04,49,49,0,450,498,,,0,
view_1,a04_s05_e05,56,56,0,560,615,,,0,
view_1,a04_s05_e06,31,31,0,630,660,,,0,
view_1,a04_s05_e07,41,41,0,725,765,725,725,2.43902439,
view_1,a04_s05_e08,28,28,0,795,822,,,0,
view_1,a04_s05_e09,38,38,0,868,905,,,0,
view_1,a04_s06_e00,67,67,0,39,105,,,0,
view_1,a04_s06_e01,35,35,0,114,148,,,0,
view_1,a04_s06_e02,120,120,0,231,350,,,0,
view_1,a04_s06_e03,161,161,0,410,570,,,0,
view_1,a04_s06_e04,23,23,0,698,720,,,0,
view_1,a04_s07_e00,117,117,0,31,147,,,0,
view_1,a04_s07_e01,97,97,0,233,329,,,0,
view_1,a04_s07_e02,78,78,0,387,464,,,0,
view_1,a04_s07_e03,109,109,0,544,652,,,0,
view_1,a04_s07_e04,89,89,0,736,824,,,0,
view_1,a04_s08_e00,86,86,0,35,120,,,0,
view_1,a04_s08_e01,79,79,0,162,240,239,240,2.53164557,
view_1,a04_s08_e02,97,97,0,330,426,,,0,
view_1,a04_s08_e03,79,79,0,474,552,,,0,
view_1,a04_s08_e04,71,71,0,630,700,,,0,
view_1,a04_s09_e00,112,112,0,176,287,,,0,
view_1,a04_s09_e01,79,79,0,440,518,,,0,
view_1,a04_s09_e02,68,68,0,589,656,,,0,
view_1,a04_s09_e03,43,43,0,833,875,,,0,
view_1,a04_s09_e04,54,54,0,979,1032,,,0,
view_1,a04_s10_e00,12,12,0,190,201,,,0,
view_1,a04_s10_e01,30,30,0,246,275,,,0,
view_1,a04_s10_e02,35,35,0,322,356,,,0,
view_1,a04_s10_e03,20,20,0,430,449,,,0,
view_1,a04_s10_e04,21,21,0,505,525,,,0,
view_1,a05_s01_e00,24,24,0,27,50,,,0,
view_1,a05_s01_e01,21,21,0,185,205,,,0,
view_1,a05_s01_e02,26,26,0,300,325,,,0,
view_1,a05_s01_e03,31,31,0,400,430,,,0,
view_1,a05_s01_e04,26,26,0,500,525,,,0,
view_1,a05_s02_e00,40,40,0,36,75,,,0,
view_1,a05_s02_e01,17,17,0,152,168,,,0,
view_1,a05_s02_e02,19,19,0,258,276,,,0,
view_1,a05_s02_e03,26,26,0,356,381,,,0,
view_1,a05_s02_e04,21,21,0,451,471,,,0,
view_1,a05_s03_e00,46,46,0,115,160,,,0,
view_1,a05_s03_e01,54,54,0,240,293,,,0,
view_1,a05_s03_e02,40,40,0,381,420,,,0,
view_1,a05_s03_e03,26,26,0,495,520,,,0,
view_1,a05_s03_e04,20,20,0,591,610,,,0,
view_1,a05_s04_e00,49,49,0,52,100,,,0,
view_1,a05_s04_e01,30,30,0,179,208,,,0,
view_1,a05_s04_e02,26,26,0,305,330,,,0,
view_1,a05_s04_e03,27,27,0,435,461,,,0,
view_1,a05_s04_e04,27,27,0,555,581,,,0,
view_1,a05_s05_e00,65,65,0,61,125,,,0,
view_1,a05_s05_e01,31,31,0,230,260,,,0,
view_1,a05_s05_e02,21,21,0,350,370,,,0,
view_1,a05_s05_e03,21,21,0,450,470,,,0,
view_1,a05_s05_e04,26,26,0,540,565,,,0,
view_1,a05_s06_e00,39,39,0,42,80,,,0,
view_1,a05_s06_e01,18,18,0,152,169,,,0,
view_1,a05_s06_e02,19,19,0,256,274,,,0,
view_1,a05_s06_e03,19,19,0,442,460,,,0,
view_1,a05_s07_e00,19,19,0,87,105,87,105,100,
view_1,a05_s07_e01,35,35,0,238,272,,,0,
view_1,a05_s07_e02,21,21,0,444,464,,,0,
view_1,a05_s07_e03,34,34,0,656,689,,,0,
view_1,a05_s07_e04,20,20,0,833,852,,,0,
view_1,a05_s08_e00,31,31,0,60,90,,,0,
view_1,a05_s08_e01,35,35,0,200,234,,,0,
view_1,a05_s08_e02,13,13,0,329,341,,,0,
view_1,a05_s08_e03,29,29,0,562,590,,,0,
view_1,a05_s08_e04,19,19,0,780,798,,,0,
view_1,a05_s08_e05,31,31,0,970,1000,,,0,
view_1,a05_s09_e00,20,20,0,232,251,,,0,
view_1,a05_s09_e01,33,33,0,431,463,,,0,
view_1,a05_s09_e02,22,22,0,614,635,,,0,
view_1,a05_s09_e03,38,38,0,793,830,,,0,
view_1,a05_s09_e04,39,39,0,977,1015,,,0,
view_1,a05_s10_e00,59,59,0,60,118,,,0,
view_1,a05_s10_e01,36,36,0,405,440,,,0,
view_1,a05_s10_e02,28,28,0,558,585,,,0,
view_1,a05_s10_e03,46,46,0,758,803,,,0,
view_1,a05_s10_e04,29,29,0,930,958,,,0,
view_1,a05_s10_e05,48,48,0,1148,1195,,,0,
view_1,a06_s01_e00,32,32,0,51,82,,,0,
view_1,a06_s01_e01,26,26,0,206,231,,,0,
view_1,a06_s01_e02,30,30,0,326,355,,,0,
view_1,a06_s01_e03,26,26,0,431,456,,,0,
view_1,a06_s01_e04,30,30,0,526,555,,,0,
view_1,a06_s02_e00,34,34,0,76,109,,,0,
view_1,a06_s02_e01,38,38,0,169,206,,,0,
view_1,a06_s02_e02,30,30,0,278,307,,,0,
view_1,a06_s02_e03,21,21,0,382,402,,,0,
view_1,a06_s02_e04,32,32,0,472,503,,,0,
view_1,a06_s03_e00,35,35,0,161,195,,,0,
view_1,a06_s03_e01,31,31,0,310,340,,,0,
view_1,a06_s03_e02,70,70,0,421,490,,,0,
view_1,a06_s03_e03,40,40,0,521,560,,,0,
view_1,a06_s03_e04,30,30,0,611,640,,,0,
view_1,a06_s04_e00,49,49,0,101,149,,,0,
view_1,a06_s04_e01,31,31,0,236,266,,,0,
view_1,a06_s04_e02,25,25,0,363,387,,,0,
view_1,a06_s04_e03,19,19,0,502,520,,,0,
view_1,a06_s04_e04,29,29,0,602,630,,,0,
view_1,a06_s05_e00,30,30,0,126,155,,,0,
view_1,a06_s05_e01,20,20,0,261,280,,,0,
view_1,a06_s05_e02,21,21,0,371,391,,,0,
view_1,a06_s05_e03,18,18,0,471,488,,,0,
view_1,a06_s05_e04,15,15,0,566,580,,,0,
view_1,a06_s06_e00,27,27,0,81,107,,,0,
view_1,a06_s06_e01,20,20,0,170,189,,,0,
view_1,a06_s06_e02,21,21,0,275,295,,,0,
view_1,a06_s06_e03,28,28,0,362,389,,,0,
view_1,a06_s06_e04,30,30,0,461,490,,,0,
view_1,a06_s07_e00,20,20,0,106,125,,,0,
view_1,a06_s07_e01,29,29,0,271,299,,,0,
view_1,a06_s07_e02,41,41,0,465,505,,,0,
view_1,a06_s07_e03,32,32,0,690,721,,,0,
view_1,a06_s07_e04,38,38,0,853,890,,,0,
view_1,a06_s08_e00,15,15,0,100,114,,,0,
view_1,a06_s08_e01,17,17,0,253,269,,,0,
view_1,a06_s08_e02,20,20,0,345,364,,,0,
view_1,a06_s08_e03,24,24,0,610,633,,,0,
view_1,a06_s08_e04,17,17,0,825,841,,,0,
view_1,a06_s08_e05,19,19,0,1042,1060,,,0,
view_1,a06_s09_e00,82,82,0,252,333,,,0,
view_1,a06_s09_e01,69,69,0,464,532,,,0,
view_1,a06_s09_e02,50,50,0,636,685,,,0,
view_1,a06_s09_e03,44,44,0,831,874,,,0,
view_1,a06_s09_e04,35,35,0,1016,1050,,,0,
view_1,a06_s10_e00,35,35,0,119,153,,,0,
view_1,a06_s10_e01,30,30,0,441,470,,,0,
view_1,a06_s10_e02,35,35,0,586,620,,,0,
view_1,a06_s10_e03,37,37,0,804,840,,,0,
view_1,a06_s10_e04,42,42,0,959,1000,,,0,
view_1,a06_s10_e05,20,20,0,1196,1215,,,0,
view_1,a08_s01_e00,111,111,0,60,170,,,0,
view_1,a08_s01_e01,81,81,0,270,350,,,0,
view_1,a08_s01_e02,84,84,0,457,540,,,0,
view_1,a08_s01_e03,130,130,0,671,800,,,0,
view_1,a08_s01_e04,141,141,0,910,1050,,,0,
view_1,a08_s02_e00,116,116,0,43,158,,,0,
view_1,a08_s02_e01,106,106,0,266,371,,,0,
view_1,a08_s02_e02,163,163,0,468,630,,,0,
view_1,a08_s02_e03,100,100,0,720,819,,,0,
view_1,a08_s02_e04,106,106,0,919,1024,,,0,
view_1,a08_s03_e00,84,84,0,158,241,,,0,
view_1,a08_s03_e01,86,86,0,395,480,,,0,
view_1,a08_s03_e02,83,83,0,550,632,,,0,
view_1,a08_s03_e03,157,157,0,700,856,,,0,
view_1,a08_s03_e04,51,51,0,950,1000,,,0,
view_1,a08_s04_e00,99,99,0,52,150,,,0,
view_1,a08_s04_e01,109,109,0,289,397,,,0,
view_1,a08_s04_e02,124,124,0,547,670,,,0,
view_1,a08_s04_e03,125,125,0,817,941,,,0,
view_1,a08_s04_e04,146,146,0,1058,1203,,,0,
view_1,a08_s05_e00,110,110,0,181,290,,,0,
view_1,a08_s05_e01,135,135,0,351,485,,,0,
view_1,a08_s05_e02,73,73,0,573,645,,,0,
view_1,a08_s05_e03,90,90,0,741,830,,,0,
view_1,a08_s05_e04,80,80,0,891,970,,,0,
view_1,a08_s05_e05,54,54,0,1071,1124,,,0,
view_1,a08_s06_e00,103,103,0,83,185,,,0,
view_1,a08_s06_e01,152,152,0,345,496,,,0,
view_1,a08_s06_e02,90,90,0,746,835,,,0,
view_1,a08_s06_e03,175,175,0,900,1074,,,0,
view_1,a08_s07_e00,72,72,0,102,173,,,0,
view_1,a08_s07_e01,155,155,0,378,532,,,0,
view_1,a08_s07_e02,95,95,0,729,823,,,0,
view_1,a08_s07_e03,86,86,0,1140,1225,,,0,
view_1,a08_s08_e00,56,56,0,45,100,,,0,
view_1,a08_s08_e01,90,90,0,364,453,,,0,
view_1,a08_s08_e02,61,61,0,710,770,,,0,
view_1,a08_s08_e03,82,82,0,1039,1120,,,0,
view_1,a08_s08_e04,92,92,0,1365,1456,,,0,
view_1,a08_s09_e00,120,120,0,74,193,,,0,
view_1,a08_s09_e01,153,153,0,454,606,,,0,
view_1,a08_s09_e02,148,148,0,884,1031,,,0,
view_1,a08_s09_e03,125,125,0,1293,1417,,,0,
view_1,a08_s09_e04,88,88,0,1665,1752,,,0,
view_1,a08_s10_e00,91,91,0,420,510,,,0,
view_1,a08_s10_e01,100,100,0,711,810,,,0,
view_1,a08_s10_e02,102,102,0,1073,1174,,,0,
view_1,a08_s10_e03,70,70,0,1391,1460,,,0,
view_1,a08_s10_e04,123,123,0,1636,1758,,,0,
view_1,a09_s01_e00,97,97,0,171,267,,,0,
view_1,a09_s01_e01,106,106,0,351,456,,,0,
view_1,a09_s01_e02,130,130,0,541,670,,,0,
view_1,a09_s01_e03,100,100,0,801,900,,,0,
view_1,a09_s01_e04,50,50,0,1051,1100,,,0,
view_1,a09_s02_e00,40,40,0,159,198,,,0,
view_1,a09_s02_e01,67,67,0,372,438,,,0,
view_1,a09_s02_e02,54,54,0,631,684,,,0,
view_1,a09_s02_e03,66,66,0,820,885,,,0,
view_1,a09_s02_e04,84,84,0,1025,1108,,,0,
view_1,a09_s03_e00,105,105,0,242,346,,,0,
view_1,a09_s03_e01,61,61,0,481,541,,,0,
view_1,a09_s03_e02,48,48,0,633,680,,,0,
view_1,a09_s03_e03,49,49,0,857,905,,,0,
view_1,a09_s03_e04,75,75,0,1001,1075,,,0,
view_1,a09_s04_e00,99,99,0,176,274,,,0,
view_1,a09_s04_e01,74,74,0,440,513,,,0,
view_1,a09_s04_e02,73,73,0,719,791,,,0,
view_1,a09_s04_e03,63,63,0,978,1040,,,0,
view_1,a09_s04_e04,139,139,0,1232,1370,,,0,
view_1,a09_s05_e00,86,86,0,95,180,,,0,
view_1,a09_s05_e01,60,60,0,291,350,,,0,
view_1,a09_s05_e02,61,61,0,512,572,,,0,
view_1,a09_s05_e03,96,96,0,645,740,,,0,
view_1,a09_s05_e04,60,60,0,831,890,,,0,
view_1,a09_s05_e05,88,88,0,971,1058,,,0,
view_1,a09_s05_e06,57,57,0,1125,1181,,,0,
view_1,a09_s06_e00,80,80,0,186,265,,,0,
view_1,a09_s06_e01,41,41,0,544,584,,,0,
view_1,a09_s06_e02,31,31,0,836,866,,,0,
view_1,a09_s06_e03,44,44,0,1075,1118,,,0,
view_1,a09_s07_e00,63,63,0,174,236,,,0,
view_1,a09_s07_e01,77,77,0,533,609,,,0,
view_1,a09_s07_e02,141,141,0,869,1009,870,965,68.08510638,
view_1,a09_s07_e03,47,47,0,1226,1272,,,0,
view_1,a09_s08_e00,71,71,0,150,220,,,0,
view_1,a09_s08_e01,84,84,0,537,620,,,0,
view_1,a09_s08_e02,100,100,0,846,945,,,0,
view_1,a09_s08_e03,85,85,0,1186,1270,,,0,
view_1,a09_s08_e04,76,76,0,1461,1536,,,0,
view_1,a09_s09_e00,128,128,0,194,321,,,0,
view_1,a09_s09_e01,179,179,0,607,785,,,0,
view_1,a09_s09_e02,192,192,0,1032,1223,,,0,
view_1,a09_s09_e03,150,150,0,1418,1567,,,0,
view_1,a09_s09_e04,81,81,0,1753,1833,,,0,
view_1,a09_s10_e00,76,76,0,511,586,,,0,
view_1,a09_s10_e01,65,65,0,896,960,,,0,
view_1,a09_s10_e02,45,45,0,1257,1301,1257,1260,8.888888889,
view_1,a09_s10_e03,58,58,0,1461,1518,,,0,
view_1,a09_s10_e04,66,66,0,1759,1824,,,0,
view_1,a11_s01_e00,51,51,0,100,150,,,0,
view_1,a11_s01_e01,31,31,0,200,230,,,0,
view_1,a11_s01_e02,26,26,0,320,345,,,0,
view_1,a11_s01_e03,45,45,0,406,450,,,0,
view_1,a11_s01_e04,21,21,0,510,530,,,0,
view_1,a11_s02_e00,25,25,0,154,178,,,0,
view_1,a11_s02_e01,8,8,0,293,300,,,0,
view_1,a11_s02_e02,35,35,0,401,435,,,0,
view_1,a11_s02_e03,29,29,0,516,544,,,0,
view_1,a11_s02_e04,38,38,0,633,670,,,0,
view_1,a11_s03_e00,41,41,0,50,90,,,0,
view_1,a11_s03_e01,31,31,0,110,140,,,0,
view_1,a11_s03_e02,21,21,0,190,210,,,0,
view_1,a11_s03_e03,36,36,0,270,305,,,0,
view_1,a11_s03_e04,26,26,0,405,430,,,0,
view_1,a11_s04_e00,27,27,0,65,91,,,0,
view_1,a11_s04_e01,26,26,0,139,164,,,0,
view_1,a11_s04_e02,37,37,0,344,380,,,0,
view_1,a11_s04_e03,51,51,0,400,450,,,0,
view_1,a11_s04_e04,51,51,0,470,520,,,0,
view_1,a11_s05_e00,32,32,0,60,91,,,0,
view_1,a11_s05_e01,53,53,0,220,272,,,0,
view_1,a11_s05_e02,20,20,0,640,659,,,0,
view_1,a11_s05_e03,41,41,0,820,860,,,0,
view_1,a11_s05_e04,41,41,0,1550,1590,,,0,
view_1,a11_s06_e00,33,33,0,67,99,,,0,
view_1,a11_s06_e01,18,18,0,164,181,,,0,
view_1,a11_s06_e02,21,21,0,365,385,,,0,
view_1,a11_s06_e03,22,22,0,532,553,,,0,
view_1,a11_s07_e00,26,26,0,102,127,,,0,
view_1,a11_s07_e01,10,10,0,435,444,,,0,
view_1,a11_s07_e02,38,38,0,963,1000,,,0,
view_1,a11_s07_e03,13,13,0,1512,1524,,,0,
view_1,a11_s08_e00,15,15,0,223,237,,,0,
view_1,a11_s08_e01,19,19,0,363,381,,,0,
view_1,a11_s08_e02,32,32,0,525,556,,,0,
view_1,a11_s08_e03,46,46,0,700,745,,,0,
view_1,a11_s08_e04,65,65,0,1032,1096,,,0,
view_1,a11_s08_e05,34,34,0,1220,1253,,,0,
view_1,a11_s09_e00,12,12,0,272,283,,,0,
view_1,a11_s09_e01,26,26,0,509,534,,,0,
view_1,a11_s09_e02,42,42,0,754,795,,,0,
view_1,a11_s09_e03,19,19,0,1045,1063,,,0,
view_1,a11_s10_e00,50,50,0,101,150,,,0,
view_1,a11_s10_e01,38,38,0,421,458,,,0,
view_1,a11_s10_e02,22,22,0,524,545,,,0,
view_1,a11_s10_e03,49,49,0,742,790,,,0,
view_1,a11_s10_e04,55,55,0,851,905,,,0,
view_1,a11_s10_e05,21,21,0,1006,1026,,,0,
view_1,a12_s01_e00,62,62,0,16,77,,,0,
view_1,a12_s01_e01,45,45,0,121,165,,,0,
view_1,a12_s01_e02,58,58,0,209,266,,,0,
view_1,a12_s01_e03,57,57,0,294,350,,,0,
view_1,a12_s01_e04,61,61,0,400,460,,,0,
view_1,a12_s02_e00,38,38,0,132,169,,,0,
view_1,a12_s02_e01,45,45,0,270,314,,,0,
view_1,a12_s02_e02,63,63,0,393,455,,,0,
view_1,a12_s02_e03,77,77,0,523,599,,,0,
view_1,a12_s02_e04,53,53,0,690,742,,,0,
view_1,a12_s03_e00,31,31,0,75,105,,,0,
view_1,a12_s03_e01,54,54,0,280,333,,,0,
view_1,a12_s03_e02,26,26,0,415,440,,,0,
view_1,a12_s03_e03,31,31,0,580,610,,,0,
view_1,a12_s04_e00,65,65,0,50,114,,,0,
view_1,a12_s04_e01,31,31,0,150,180,,,0,
view_1,a12_s04_e02,41,41,0,270,310,,,0,
view_1,a12_s04_e03,41,41,0,430,470,,,0,
view_1,a12_s04_e04,37,37,0,522,558,,,0,
view_1,a12_s04_e05,42,42,0,608,649,,,0,
view_1,a12_s05_e00,32,32,0,34,65,,,0,
view_1,a12_s05_e01,30,30,0,181,210,,,0,
view_1,a12_s05_e02,45,45,0,280,324,,,0,
view_1,a12_s05_e03,40,40,0,431,470,,,0,
view_1,a12_s05_e04,41,41,0,590,630,,,0,
view_1,a12_s06_e00,23,23,0,44,66,,,0,
view_1,a12_s06_e01,21,21,0,143,163,,,0,
view_1,a12_s06_e02,22,22,0,210,231,,,0,
view_1,a12_s06_e03,26,26,0,498,523,,,0,
view_1,a12_s06_e04,18,18,0,582,599,,,0,
view_1,a12_s06_e05,43,43,0,633,675,,,0,
view_1,a12_s07_e00,34,34,0,82,115,,,0,
view_1,a12_s07_e01,32,32,0,274,305,,,0,
view_1,a12_s07_e02,25,25,0,511,535,,,0,
view_1,a12_s07_e03,21,21,0,690,710,,,0,
view_1,a12_s07_e04,19,19,0,877,895,,,0,
view_1,a12_s08_e00,44,44,0,56,99,,,0,
view_1,a12_s08_e01,32,32,0,175,206,,,0,
view_1,a12_s08_e02,29,29,0,285,313,,,0,
view_1,a12_s08_e03,26,26,0,400,425,,,0,
view_1,a12_s08_e04,26,26,0,512,537,,,0,
view_1,a12_s10_e00,31,31,0,215,245,,,0,
view_1,a12_s10_e01,37,37,0,341,377,,,0,
view_1,a12_s10_e02,66,66,0,420,485,,,0,
view_1,a12_s10_e03,40,40,0,581,620,,,0,
view_1,a12_s10_e04,57,57,0,710,766,,,0,
view_2,a01_s01_e00,30,30,0,158,187,,,0,
view_2,a01_s01_e01,28,28,0,380,407,,,0,
view_2,a01_s01_e02,31,31,0,490,520,,,0,
view_2,a01_s01_e03,39,39,0,850,888,,,0,
view_2,a01_s01_e04,29,29,0,1025,1053,,,0,
view_2,a01_s02_e00,23,23,0,118,140,,,0,
view_2,a01_s02_e01,21,21,0,285,305,,,0,
view_2,a01_s02_e02,23,23,0,435,457,,,0,
view_2,a01_s02_e03,24,24,0,615,638,,,0,
view_2,a01_s02_e04,21,21,0,765,785,,,0,
view_2,a01_s03_e00,26,26,0,205,230,,,0,
view_2,a01_s03_e01,42,42,0,900,941,,,0,
view_2,a01_s03_e02,61,61,0,1100,1160,,,0,
view_2,a01_s03_e03,53,53,0,1235,1287,,,0,
view_2,a01_s03_e04,46,46,0,1370,1415,,,0,
view_2,a01_s04_e00,26,26,0,165,190,,,0,
view_2,a01_s04_e01,41,41,0,270,310,,,0,
view_2,a01_s04_e02,26,26,0,470,495,,,0,
view_2,a01_s04_e03,34,34,0,507,540,,,0,
view_2,a01_s04_e04,36,36,0,645,680,679,680,5.555555556,
view_2,a01_s04_e05,29,29,0,775,803,,,0,
view_2,a01_s04_e06,24,24,0,900,923,,,0,
view_2,a01_s05_e00,27,27,0,69,95,,,0,
view_2,a01_s05_e01,35,35,0,354,388,,,0,
view_2,a01_s05_e02,19,19,0,683,701,,,0,
view_2,a01_s06_e00,21,21,0,465,485,,,0,
view_2,a01_s06_e01,24,24,0,570,593,,,0,
view_2,a01_s06_e02,21,21,0,684,704,,,0,
view_2,a01_s06_e03,21,21,0,813,833,813,833,100,
view_2,a01_s06_e04,17,17,0,944,960,,,0,
view_2,a01_s07_e00,21,21,0,272,292,,,0,
view_2,a01_s07_e01,27,27,0,672,698,,,0,
view_2,a01_s07_e02,23,23,0,886,908,,,0,
view_2,a01_s07_e03,26,26,0,1103,1128,,,0,
view_2,a01_s07_e04,21,21,0,1267,1287,,,0,
view_2,a01_s08_e00,21,21,0,235,255,,,0,
view_2,a01_s08_e01,26,26,0,585,610,,,0,
view_2,a01_s08_e02,33,33,0,968,1000,,,0,
view_2,a01_s08_e03,31,31,0,1270,1300,,,0,
view_2,a01_s08_e04,21,21,0,1415,1435,,,0,
view_2,a01_s09_e00,31,31,0,230,260,,,0,
view_2,a01_s09_e01,26,26,0,485,510,,,0,
view_2,a01_s09_e02,22,22,0,694,715,,,0,
view_2,a01_s09_e03,24,24,0,897,920,,,0,
view_2,a01_s09_e04,28,28,0,1053,1080,,,0,
view_2,a01_s10_e00,28,28,0,73,100,,,0,
view_2,a01_s10_e01,21,21,0,220,240,,,0,
view_2,a01_s10_e02,26,26,0,340,365,,,0,
view_2,a01_s10_e03,25,25,0,484,508,,,0,
view_2,a01_s10_e04,21,21,0,760,780,,,0,
view_2,a02_s01_e00,39,39,0,110,148,,,0,
view_2,a02_s01_e01,30,30,0,250,279,,,0,
view_2,a02_s01_e02,28,28,0,368,395,,,0,
view_2,a02_s01_e03,40,40,0,484,523,,,0,
view_2,a02_s01_e04,38,38,0,605,642,,,0,
view_2,a02_s02_e00,42,42,0,86,127,,,0,
view_2,a02_s02_e01,26,26,0,270,295,,,0,
view_2,a02_s02_e02,31,31,0,380,410,,,0,
view_2,a02_s02_e03,29,29,0,508,536,,,0,
view_2,a02_s02_e04,28,28,0,633,660,,,0,
view_2,a02_s03_e00,46,46,0,125,170,,,0,
view_2,a02_s03_e01,45,45,0,310,354,,,0,
view_2,a02_s03_e02,58,58,0,480,537,,,0,
view_2,a02_s03_e03,56,56,0,645,700,,,0,
view_2,a02_s03_e04,62,62,0,845,906,,,0,
view_2,a02_s04_e00,46,46,0,100,145,,,0,
view_2,a02_s04_e01,31,31,0,280,310,,,0,
view_2,a02_s04_e02,33,33,0,563,595,,,0,
view_2,a02_s04_e03,31,31,0,685,715,,,0,
view_2,a02_s04_e04,34,34,0,825,858,858,858,2.941176471,
view_2,a02_s05_e00,28,28,0,113,140,,,0,
view_2,a02_s05_e01,34,34,0,288,321,,,0,
view_2,a02_s05_e02,26,26,0,450,475,,,0,
view_2,a02_s05_e03,21,21,0,630,650,,,0,
view_2,a02_s05_e04,29,29,0,780,808,,,0,
view_2,a02_s06_e00,18,18,0,52,69,,,0,
view_2,a02_s06_e01,16,16,0,140,155,,,0,
view_2,a02_s06_e02,21,21,0,311,331,,,0,
view_2,a02_s06_e03,21,21,0,476,496,,,0,
view_2,a02_s06_e04,21,21,0,600,620,,,0,
view_2,a02_s07_e00,31,31,0,38,68,,,0,
view_2,a02_s07_e01,31,31,0,205,235,,,0,
view_2,a02_s07_e02,31,31,0,380,410,,,0,
view_2,a02_s07_e03,44,44,0,567,610,567,600,77.27272727,
view_2,a02_s07_e04,36,36,0,755,790,,,0,
view_2,a02_s07_e05,31,31,0,920,950,,,0,
view_2,a02_s08_e00,26,26,0,50,75,,,0,
view_2,a02_s08_e01,21,21,0,187,207,,,0,
view_2,a02_s08_e02,21,21,0,510,530,,,0,
view_2,a02_s08_e03,21,21,0,703,723,,,0,
view_2,a02_s08_e04,36,36,0,860,895,,,0,
view_2,a02_s09_e00,37,37,0,87,123,,,0,
view_2,a02_s09_e01,40,40,0,324,363,,,0,
view_2,a02_s09_e02,43,43,0,668,710,,,0,
view_2,a02_s09_e03,31,31,0,920,950,,,0,
view_2,a02_s09_e04,51,51,0,1160,1210,1160,1208,96.07843137,
view_2,a02_s10_e00,38,38,0,233,270,,,0,
view_2,a02_s10_e01,32,32,0,416,447,,,0,
view_2,a02_s10_e02,31,31,0,620,650,,,0,
view_2,a02_s10_e03,31,31,0,790,820,790,820,100,
view_2,a02_s10_e04,29,29,0,1012,1040,,,0,
view_2,a03_s01_e00,33,33,0,175,207,,,0,
view_2,a03_s01_e01,24,24,0,400,423,,,0,
view_2,a03_s01_e02,31,31,0,530,560,,,0,
view_2,a03_s01_e03,36,36,0,675,710,,,0,
view_2,a03_s01_e04,36,36,0,810,845,,,0,
view_2,a03_s02_e00,32,32,0,143,174,,,0,
view_2,a03_s02_e01,36,36,0,246,281,,,0,
view_2,a03_s02_e02,22,22,0,365,386,,,0,
view_2,a03_s02_e03,39,39,0,492,530,,,0,
view_2,a03_s02_e04,24,24,0,590,613,613,613,4.166666667,
view_2,a03_s03_e00,41,41,0,45,85,,,0,
view_2,a03_s03_e01,47,47,0,190,236,,,0,
view_2,a03_s03_e02,32,32,0,335,366,,,0,
view_2,a03_s03_e03,43,43,0,458,500,,,0,
view_2,a03_s03_e04,35,35,0,599,633,,,0,
view_2,a03_s03_e05,33,33,0,704,736,,,0,
view_2,a03_s04_e00,26,26,0,75,100,,,0,
view_2,a03_s04_e01,39,39,0,137,175,,,0,
view_2,a03_s04_e02,27,27,0,300,326,,,0,
view_2,a03_s04_e03,31,31,0,500,530,,,0,
view_2,a03_s04_e04,29,29,0,565,593,,,0,
view_2,a03_s05_e00,20,20,0,75,94,,,0,
view_2,a03_s05_e01,41,41,0,228,268,267,268,4.87804878,
view_2,a03_s05_e02,36,36,0,430,465,,,0,
view_2,a03_s05_e03,26,26,0,560,585,,,0,
view_2,a03_s05_e04,39,39,0,688,726,,,0,
view_2,a03_s06_e00,23,23,0,85,107,,,0,
view_2,a03_s06_e01,17,17,0,265,281,,,0,
view_2,a03_s06_e02,15,15,0,420,434,,,0,
view_2,a03_s07_e00,21,21,0,52,72,,,0,
view_2,a03_s07_e01,11,11,0,240,250,,,0,
view_2,a03_s07_e02,17,17,0,420,436,,,0,
view_2,a03_s07_e03,11,11,0,689,699,,,0,
view_2,a03_s07_e04,11,11,0,873,883,,,0,
view_2,a03_s08_e00,22,22,0,42,63,,,0,
view_2,a03_s08_e01,21,21,0,570,590,,,0,
view_2,a03_s08_e02,21,21,0,872,892,,,0,
view_2,a03_s08_e03,14,14,0,1180,1193,,,0,
view_2,a03_s09_e00,26,26,0,345,370,,,0,
view_2,a03_s09_e01,21,21,0,540,560,540,560,100,
view_2,a03_s09_e02,26,26,0,715,740,,,0,
view_2,a03_s09_e03,23,23,0,898,920,898,920,100,
view_2,a03_s09_e04,21,21,0,1245,1265,,,0,
view_2,a03_s10_e00,17,17,0,199,215,,,0,
view_2,a03_s10_e01,21,21,0,325,345,325,333,42.85714286,
view_2,a03_s10_e02,28,28,0,523,550,,,0,
view_2,a03_s10_e03,13,13,0,944,956,,,0,
view_2,a04_s01_e00,43,43,0,8,50,,,0,
view_2,a04_s01_e01,83,83,0,77,159,,,0,
view_2,a04_s01_e02,38,38,0,180,217,180,180,2.631578947,
view_2,a04_s01_e03,30,30,0,229,258,,,0,
view_2,a04_s01_e04,26,26,0,285,310,,,0,
view_2,a04_s01_e05,38,38,0,341,378,378,378,2.631578947,
view_2,a04_s01_e06,31,31,0,400,430,,,0,
view_2,a04_s01_e07,34,34,0,446,479,,,0,
view_2,a04_s01_e08,83,83,0,563,645,,,0,
view_2,a04_s01_e09,33,33,0,671,703,,,0,
view_2,a04_s02_e00,57,57,0,45,101,,,0,
view_2,a04_s02_e01,113,113,0,147,259,,,0,
view_2,a04_s02_e02,106,106,0,330,435,434,435,1.886792453,
view_2,a04_s02_e03,45,45,0,495,539,,,0,
view_2,a04_s02_e04,25,25,0,605,629,628,629,8,
view_2,a04_s02_e05,61,61,0,655,715,,,0,
view_2,a04_s02_e06,28,28,0,724,751,,,0,
view_2,a04_s02_e07,47,47,0,844,890,,,0,
view_2,a04_s03_e00,28,28,0,54,81,,,0,
view_2,a04_s03_e01,29,29,0,126,154,,,0,
view_2,a04_s03_e02,108,108,0,443,550,,,0,
view_2,a04_s03_e03,44,44,0,554,597,,,0,
view_2,a04_s03_e04,49,49,0,604,652,,,0,
view_2,a04_s03_e05,42,42,0,664,705,,,0,
view_2,a04_s04_e00,46,46,0,16,61,,,0,
view_2,a04_s04_e01,35,35,0,63,97,,,0,
view_2,a04_s04_e02,34,34,0,99,132,,,0,
view_2,a04_s04_e03,61,61,0,250,310,,,0,
view_2,a04_s04_e04,53,53,0,311,363,,,0,
view_2,a04_s04_e05,132,132,0,395,526,,,0,
view_2,a04_s05_e00,36,36,0,46,81,,,0,
view_2,a04_s05_e01,26,26,0,473,498,,,0,
view_2,a04_s05_e02,29,29,0,551,579,,,0,
view_2,a04_s05_e03,31,31,0,630,660,,,0,
view_2,a04_s05_e04,30,30,0,696,725,,,0,
view_2,a04_s06_e00,18,18,0,13,30,,,0,
view_2,a04_s06_e01,16,16,0,40,55,,,0,
view_2,a04_s06_e02,16,16,0,75,90,,,0,
view_2,a04_s06_e03,12,12,0,120,131,,,0,
view_2,a04_s06_e04,21,21,0,229,249,,,0,
view_2,a04_s06_e05,24,24,0,300,323,,,0,
view_2,a04_s07_e00,23,23,0,8,30,,,0,
view_2,a04_s07_e01,21,21,0,65,85,,,0,
view_2,a04_s07_e02,18,18,0,113,130,,,0,
view_2,a04_s07_e03,21,21,0,200,220,,,0,
view_2,a04_s07_e04,21,21,0,330,350,,,0,
view_2,a04_s08_e00,31,31,0,80,110,,,0,
view_2,a04_s08_e01,21,21,0,165,185,,,0,
view_2,a04_s08_e02,21,21,0,210,230,,,0,
view_2,a04_s08_e03,16,16,0,280,295,,,0,
view_2,a04_s08_e04,36,36,0,360,395,,,0,
view_2,a04_s09_e00,26,26,0,185,210,,,0,
view_2,a04_s09_e01,21,21,0,280,300,,,0,
view_2,a04_s09_e02,16,16,0,480,495,,,0,
view_2,a04_s09_e03,26,26,0,605,630,,,0,
view_2,a04_s09_e04,36,36,0,785,820,,,0,
view_2,a04_s10_e00,21,21,0,237,257,,,0,
view_2,a04_s10_e01,23,23,0,323,345,,,0,
view_2,a04_s10_e02,21,21,0,410,430,,,0,
view_2,a04_s10_e03,16,16,0,485,500,,,0,
view_2,a05_s01_e00,26,26,0,25,50,,,0,
view_2,a05_s01_e01,24,24,0,185,208,,,0,
view_2,a05_s01_e02,31,31,0,280,310,,,0,
view_2,a05_s01_e03,31,31,0,375,405,,,0,
view_2,a05_s01_e04,21,21,0,465,485,,,0,
view_2,a05_s02_e00,36,36,0,25,60,,,0,
view_2,a05_s02_e01,36,36,0,125,160,,,0,
view_2,a05_s02_e02,27,27,0,220,246,,,0,
view_2,a05_s02_e03,28,28,0,315,342,,,0,
view_2,a05_s02_e04,22,22,0,395,416,,,0,
view_2,a05_s03_e00,22,22,0,106,127,,,0,
view_2,a05_s03_e01,28,28,0,218,245,,,0,
view_2,a05_s03_e02,21,21,0,340,360,,,0,
view_2,a05_s03_e03,26,26,0,440,465,,,0,
view_2,a05_s03_e04,26,26,0,520,545,,,0,
view_2,a05_s04_e00,19,19,0,42,60,,,0,
view_2,a05_s04_e01,26,26,0,125,150,,,0,
view_2,a05_s04_e02,46,46,0,200,245,,,0,
view_2,a05_s04_e03,22,22,0,329,350,,,0,
view_2,a05_s04_e04,21,21,0,450,470,,,0,
view_2,a05_s04_e05,21,21,0,544,564,,,0,
view_2,a05_s05_e00,41,41,0,80,120,,,0,
view_2,a05_s05_e01,23,23,0,210,232,,,0,
view_2,a05_s05_e02,17,17,0,310,326,,,0,
view_2,a05_s05_e03,25,25,0,390,414,,,0,
view_2,a05_s05_e04,17,17,0,475,491,,,0,
view_2,a05_s06_e00,23,23,0,48,70,,,0,
view_2,a05_s06_e01,14,14,0,133,146,,,0,
view_2,a05_s06_e02,16,16,0,220,235,,,0,
view_2,a05_s06_e03,30,30,0,288,317,,,0,
view_2,a05_s06_e04,21,21,0,370,390,,,0,
view_2,a05_s07_e00,16,16,0,242,257,,,0,
view_2,a05_s07_e01,21,21,0,434,454,,,0,
view_2,a05_s07_e02,36,36,0,630,665,,,0,
view_2,a05_s07_e03,16,16,0,805,820,,,0,
view_2,a05_s07_e04,21,21,0,970,990,,,0,
view_2,a05_s08_e00,26,26,0,65,90,,,0,
view_2,a05_s08_e01,21,21,0,200,220,,,0,
view_2,a05_s08_e02,16,16,0,305,320,,,0,
view_2,a05_s08_e03,26,26,0,540,565,,,0,
view_2,a05_s08_e04,21,21,0,735,755,,,0,
view_2,a05_s09_e00,21,21,0,220,240,,,0,
view_2,a05_s09_e01,31,31,0,400,430,,,0,
view_2,a05_s09_e02,21,21,0,565,585,,,0,
view_2,a05_s09_e03,21,21,0,728,748,,,0,
view_2,a05_s09_e04,21,21,0,903,923,,,0,
view_2,a05_s10_e00,26,26,0,300,325,,,0,
view_2,a05_s10_e01,21,21,0,440,460,,,0,
view_2,a05_s10_e02,21,21,0,630,650,,,0,
view_2,a05_s10_e03,21,21,0,775,795,,,0,
view_2,a05_s10_e04,21,21,0,965,985,,,0,
view_2,a06_s01_e00,21,21,0,60,80,,,0,
view_2,a06_s01_e01,21,21,0,210,230,,,0,
view_2,a06_s01_e02,11,11,0,320,330,,,0,
view_2,a06_s01_e03,16,16,0,410,425,,,0,
view_2,a06_s01_e04,21,21,0,495,515,,,0,
view_2,a06_s02_e00,25,25,0,65,89,,,0,
view_2,a06_s02_e01,13,13,0,170,182,,,0,
view_2,a06_s02_e02,11,11,0,260,270,,,0,
view_2,a06_s02_e03,13,13,0,345,357,,,0,
view_2,a06_s02_e04,14,14,0,421,434,,,0,
view_2,a06_s03_e00,24,24,0,145,168,,,0,
view_2,a06_s03_e01,25,25,0,276,300,,,0,
view_2,a06_s03_e02,16,16,0,390,405,,,0,
view_2,a06_s03_e03,16,16,0,475,490,,,0,
view_2,a06_s03_e04,12,12,0,550,561,,,0,
view_2,a06_s04_e00,18,18,0,80,97,,,0,
view_2,a06_s04_e01,21,21,0,175,195,,,0,
view_2,a06_s04_e02,41,41,0,280,320,,,0,
view_2,a06_s04_e03,24,24,0,390,413,,,0,
view_2,a06_s04_e04,20,20,0,500,519,,,0,
view_2,a06_s05_e00,30,30,0,126,155,,,0,
view_2,a06_s05_e01,21,21,0,240,260,,,0,
view_2,a06_s05_e02,21,21,0,330,350,,,0,
view_2,a06_s05_e03,15,15,0,417,431,,,0,
view_2,a06_s05_e04,16,16,0,495,510,,,0,
view_2,a06_s06_e00,16,16,0,80,95,,,0,
view_2,a06_s06_e01,16,16,0,150,165,,,0,
view_2,a06_s06_e02,18,18,0,236,253,,,0,
view_2,a06_s06_e03,13,13,0,320,332,,,0,
view_2,a06_s06_e04,16,16,0,405,420,,,0,
view_2,a06_s07_e00,15,15,0,276,290,,,0,
view_2,a06_s07_e01,21,21,0,471,491,,,0,
view_2,a06_s07_e02,21,21,0,679,699,,,0,
view_2,a06_s07_e03,21,21,0,830,850,,,0,
view_2,a06_s07_e04,19,19,0,995,1013,,,0,
view_2,a06_s08_e00,19,19,0,102,120,,,0,
view_2,a06_s08_e01,16,16,0,240,255,,,0,
view_2,a06_s08_e02,16,16,0,325,340,,,0,
view_2,a06_s08_e03,21,21,0,578,598,,,0,
view_2,a06_s08_e04,21,21,0,770,790,,,0,
view_2,a06_s09_e00,16,16,0,295,310,,,0,
view_2,a06_s09_e01,16,16,0,465,480,,,0,
view_2,a06_s09_e02,16,16,0,625,640,,,0,
view_2,a06_s09_e03,21,21,0,785,805,,,0,
view_2,a06_s09_e04,16,16,0,950,965,,,0,
view_2,a06_s10_e00,26,26,0,335,360,,,0,
view_2,a06_s10_e01,17,17,0,480,496,,,0,
view_2,a06_s10_e02,21,21,0,665,685,,,0,
view_2,a06_s10_e03,21,21,0,815,835,,,0,
view_2,a06_s10_e04,21,21,0,1010,1030,,,0,
view_2,a08_s01_e00,146,146,0,35,180,,,0,
view_2,a08_s01_e01,91,91,0,250,340,,,0,
view_2,a08_s01_e02,83,83,0,415,497,,,0,
view_2,a08_s01_e03,80,80,0,629,708,,,0,
view_2,a08_s01_e04,81,81,0,820,900,,,0,
view_2,a08_s02_e00,111,111,0,80,190,,,0,
view_2,a08_s02_e01,145,145,0,256,400,,,0,
view_2,a08_s02_e02,134,134,0,475,608,,,0,
view_2,a08_s02_e03,113,113,0,675,787,,,0,
view_2,a08_s02_e04,102,102,0,860,961,,,0,
view_2,a08_s03_e00,116,116,0,118,233,,,0,
view_2,a08_s03_e01,81,81,0,335,415,,,0,
view_2,a08_s03_e02,67,67,0,470,536,,,0,
view_2,a08_s03_e03,71,71,0,645,715,,,0,
view_2,a08_s03_e04,59,59,0,780,838,,,0,
view_2,a08_s04_e00,86,86,0,65,150,,,0,
view_2,a08_s04_e01,126,126,0,265,390,,,0,
view_2,a08_s04_e02,116,116,0,485,600,,,0,
view_2,a08_s04_e03,121,121,0,710,830,,,0,
view_2,a08_s04_e04,124,124,0,917,1040,,,0,
view_2,a08_s05_e00,61,61,0,85,145,,,0,
view_2,a08_s05_e01,59,59,0,270,328,,,0,
view_2,a08_s05_e02,51,51,0,430,480,,,0,
view_2,a08_s05_e03,46,46,0,555,600,,,0,
view_2,a08_s05_e04,45,45,0,691,735,,,0,
view_2,a08_s05_e05,44,44,0,827,870,,,0,
view_2,a08_s05_e06,24,24,0,930,953,,,0,
view_2,a08_s06_e00,86,86,0,75,160,,,0,
view_2,a08_s06_e01,116,116,0,300,415,,,0,
view_2,a08_s06_e02,83,83,0,708,790,,,0,
view_2,a08_s06_e03,103,103,0,888,990,,,0,
view_2,a08_s07_e00,53,53,0,108,160,,,0,
view_2,a08_s07_e01,104,104,0,360,463,,,0,
view_2,a08_s07_e02,40,40,0,666,705,,,0,
view_2,a08_s07_e03,54,54,0,1010,1063,,,0,
view_2,a08_s08_e00,58,58,0,45,102,,,0,
view_2,a08_s08_e01,49,49,0,340,388,,,0,
view_2,a08_s08_e02,53,53,0,648,700,,,0,
view_2,a08_s08_e03,56,56,0,960,1015,,,0,
view_2,a08_s08_e04,61,61,0,1245,1305,,,0,
view_2,a08_s09_e00,71,71,0,75,145,,,0,
view_2,a08_s09_e01,62,62,0,484,545,,,0,
view_2,a08_s09_e02,76,76,0,845,920,,,0,
view_2,a08_s09_e03,66,66,0,1190,1255,,,0,
view_2,a08_s09_e04,56,56,0,1470,1525,,,0,
view_2,a08_s10_e00,67,67,0,378,444,,,0,
view_2,a08_s10_e01,91,91,0,615,705,,,0,
view_2,a08_s10_e02,56,56,0,945,1000,,,0,
view_2,a08_s10_e03,61,61,0,1195,1255,,,0,
view_2,a08_s10_e04,66,66,0,1435,1500,,,0,
view_2,a09_s01_e00,42,42,0,190,231,,,0,
view_2,a09_s01_e01,55,55,0,341,395,,,0,
view_2,a09_s01_e02,67,67,0,535,601,,,0,
view_2,a09_s01_e03,56,56,0,735,790,,,0,
view_2,a09_s01_e04,65,65,0,925,989,,,0,
view_2,a09_s02_e00,32,32,0,195,226,,,0,
view_2,a09_s02_e01,33,33,0,407,439,,,0,
view_2,a09_s02_e02,46,46,0,615,660,,,0,
view_2,a09_s02_e03,46,46,0,800,845,,,0,
view_2,a09_s02_e04,49,49,0,980,1028,,,0,
view_2,a09_s03_e00,88,88,0,242,329,,,0,
view_2,a09_s03_e01,42,42,0,422,463,,,0,
view_2,a09_s03_e02,58,58,0,540,597,,,0,
view_2,a09_s03_e03,58,58,0,720,777,,,0,
view_2,a09_s03_e04,61,61,0,844,904,,,0,
view_2,a09_s04_e00,84,84,0,170,253,,,0,
view_2,a09_s04_e01,74,74,0,405,478,,,0,
view_2,a09_s04_e02,61,61,0,620,680,,,0,
view_2,a09_s04_e03,61,61,0,845,905,,,0,
view_2,a09_s04_e04,138,138,0,1050,1187,,,0,
view_2,a09_s05_e00,70,70,0,175,244,,,0,
view_2,a09_s05_e01,65,65,0,350,414,,,0,
view_2,a09_s05_e02,51,51,0,500,550,,,0,
view_2,a09_s05_e03,46,46,0,645,690,,,0,
view_2,a09_s05_e04,66,66,0,755,820,,,0,
view_2,a09_s05_e05,48,48,0,881,928,,,0,
view_2,a09_s06_e00,68,68,0,163,230,,,0,
view_2,a09_s06_e01,33,33,0,468,500,,,0,
view_2,a09_s06_e02,39,39,0,795,833,,,0,
view_2,a09_s06_e03,47,47,0,995,1041,,,0,
view_2,a09_s07_e00,31,31,0,185,215,,,0,
view_2,a09_s07_e01,36,36,0,480,515,,,0,
view_2,a09_s07_e02,29,29,0,860,888,,,0,
view_2,a09_s07_e03,35,35,0,1076,1110,,,0,
view_2,a09_s08_e00,41,41,0,143,183,,,0,
view_2,a09_s08_e01,40,40,0,508,547,,,0,
view_2,a09_s08_e02,36,36,0,795,830,,,0,
view_2,a09_s08_e03,41,41,0,1095,1135,,,0,
view_2,a09_s08_e04,48,48,0,1329,1376,,,0,
view_2,a09_s09_e00,51,51,0,230,280,,,0,
view_2,a09_s09_e01,41,41,0,652,692,,,0,
view_2,a09_s09_e02,57,57,0,1010,1066,,,0,
view_2,a09_s09_e03,51,51,0,1315,1365,,,0,
view_2,a09_s09_e04,36,36,0,1565,1600,,,0,
view_2,a09_s10_e00,41,41,0,460,500,,,0,
view_2,a09_s10_e01,49,49,0,780,828,,,0,
view_2,a09_s10_e02,41,41,0,1075,1115,,,0,
view_2,a09_s10_e03,31,31,0,1280,1310,,,0,
view_2,a09_s10_e04,36,36,0,1530,1565,,,0,
view_2,a11_s01_e00,31,31,0,200,230,,,0,
view_2,a11_s01_e01,26,26,0,300,325,,,0,
view_2,a11_s01_e02,21,21,0,390,410,,,0,
view_2,a11_s01_e03,31,31,0,450,480,,,0,
view_2,a11_s01_e04,21,21,0,530,550,,,0,
view_2,a11_s02_e00,40,40,0,180,219,,,0,
view_2,a11_s02_e01,32,32,0,294,325,,,0,
view_2,a11_s02_e02,33,33,0,413,445,,,0,
view_2,a11_s02_e03,26,26,0,515,540,,,0,
view_2,a11_s02_e04,35,35,0,625,659,,,0,
view_2,a11_s03_e00,40,40,0,46,85,,,0,
view_2,a11_s03_e01,23,23,0,105,127,,,0,
view_2,a11_s03_e02,36,36,0,240,275,,,0,
view_2,a11_s03_e03,21,21,0,369,389,,,0,
view_2,a11_s03_e04,12,12,0,400,411,,,0,
view_2,a11_s04_e00,32,32,0,60,91,,,0,
view_2,a11_s04_e01,15,15,0,136,150,,,0,
view_2,a11_s04_e02,33,33,0,355,387,,,0,
view_2,a11_s04_e03,32,32,0,425,456,,,0,
view_2,a11_s05_e00,27,27,0,65,91,,,0,
view_2,a11_s05_e01,35,35,0,220,254,,,0,
view_2,a11_s05_e02,31,31,0,550,580,579,580,6.451612903,
view_2,a11_s05_e03,34,34,0,930,963,,,0,
view_2,a11_s05_e04,31,31,0,1215,1245,1215,1219,16.12903226,
view_2,a11_s05_e05,29,29,0,1370,1398,,,0,
view_2,a11_s06_e00,27,27,0,65,91,,,0,
view_2,a11_s06_e01,17,17,0,145,161,,,0,
view_2,a11_s06_e02,16,16,0,313,328,,,0,
view_2,a11_s06_e03,17,17,0,462,478,,,0,
view_2,a11_s06_e04,8,8,0,511,518,,,0,
view_2,a11_s07_e00,26,26,0,108,133,,,0,
view_2,a11_s07_e01,15,15,0,419,433,,,0,
view_2,a11_s07_e02,21,21,0,943,963,,,0,
view_2,a11_s07_e03,21,21,0,1133,1153,,,0,
view_2,a11_s07_e04,17,17,0,1466,1482,,,0,
view_2,a11_s08_e00,35,35,0,42,76,,,0,
view_2,a11_s08_e01,22,22,0,340,361,,,0,
view_2,a11_s08_e02,17,17,0,495,511,,,0,
view_2,a11_s08_e03,21,21,0,676,696,,,0,
view_2,a11_s08_e04,16,16,0,1003,1018,,,0,
view_2,a11_s09_e00,11,11,0,265,275,,,0,
view_2,a11_s09_e01,14,14,0,493,506,,,0,
view_2,a11_s09_e02,25,25,0,727,751,,,0,
view_2,a11_s09_e03,11,11,0,995,1005,,,0,
view_2,a11_s09_e04,21,21,0,1310,1330,,,0,
view_2,a11_s10_e00,21,21,0,130,150,,,0,
view_2,a11_s10_e01,31,31,0,475,505,,,0,
view_2,a11_s10_e02,56,56,0,670,725,,,0,
view_2,a11_s10_e03,21,21,0,908,928,,,0,
view_2,a12_s01_e00,21,21,0,57,77,,,0,
view_2,a12_s01_e01,47,47,0,129,175,,,0,
view_2,a12_s01_e02,27,27,0,234,260,,,0,
view_2,a12_s01_e03,41,41,0,295,335,,,0,
view_2,a12_s01_e04,37,37,0,400,436,,,0,
view_2,a12_s02_e00,50,50,0,85,134,,,0,
view_2,a12_s02_e01,40,40,0,219,258,,,0,
view_2,a12_s02_e02,38,38,0,343,380,,,0,
view_2,a12_s02_e03,27,27,0,489,515,,,0,
view_2,a12_s02_e04,37,37,0,615,651,,,0,
view_2,a12_s03_e00,41,41,0,70,110,,,0,
view_2,a12_s03_e01,44,44,0,170,213,,,0,
view_2,a12_s03_e02,39,39,0,292,330,,,0,
view_2,a12_s03_e03,39,39,0,385,423,,,0,
view_2,a12_s03_e04,46,46,0,470,515,,,0,
view_2,a12_s03_e05,33,33,0,545,577,,,0,
view_2,a12_s04_e00,46,46,0,65,110,,,0,
view_2,a12_s04_e01,36,36,0,135,170,,,0,
view_2,a12_s04_e02,23,23,0,248,270,,,0,
view_2,a12_s04_e03,35,35,0,360,394,,,0,
view_2,a12_s04_e04,36,36,0,440,475,,,0,
view_2,a12_s04_e05,30,30,0,520,549,549,549,3.333333333,
view_2,a12_s05_e00,31,31,0,45,75,,,0,
view_2,a12_s05_e01,31,31,0,170,200,,,0,
view_2,a12_s05_e02,28,28,0,280,307,,,0,
view_2,a12_s05_e03,33,33,0,400,432,,,0,
view_2,a12_s05_e04,36,36,0,540,575,,,0,
view_2,a12_s06_e00,16,16,0,50,65,50,65,100,
view_2,a12_s06_e01,16,16,0,135,150,,,0,
view_2,a12_s06_e02,26,26,0,455,480,,,0,
view_2,a12_s06_e03,14,14,0,537,550,,,0,
view_2,a12_s06_e04,11,11,0,783,793,,,0,
view_2,a12_s07_e00,18,18,0,83,100,,,0,
view_2,a12_s07_e01,14,14,0,267,280,,,0,
view_2,a12_s07_e02,11,11,0,485,495,,,0,
view_2,a12_s07_e03,16,16,0,650,665,,,0,
view_2,a12_s07_e04,11,11,0,835,845,,,0,
view_2,a12_s08_e00,13,13,0,63,75,,,0,
view_2,a12_s08_e01,14,14,0,162,175,,,0,
view_2,a12_s08_e02,16,16,0,260,275,,,0,
view_2,a12_s08_e03,13,13,0,366,378,,,0,
view_2,a12_s08_e04,14,14,0,477,490,,,0,
view_2,a12_s09_e00,21,21,0,55,75,,,0,
view_2,a12_s09_e01,16,16,0,240,255,,,0,
view_2,a12_s09_e02,21,21,0,440,460,,,0,
view_2,a12_s09_e03,16,16,0,620,635,,,0,
view_2,a12_s09_e04,16,16,0,780,795,,,0,
view_2,a12_s10_e00,21,21,0,222,242,,,0,
view_2,a12_s10_e01,21,21,0,340,360,,,0,
view_2,a12_s10_e02,16,16,0,455,470,,,0,
view_2,a12_s10_e03,21,21,0,560,580,,,0,
view_2,a12_s10_e04,14,14,0,687,700,,,0,
view_3,a01_s01_e00,27,27,0,138,164,,,0,
view_3,a01_s01_e01,21,21,0,377,397,,,0,
view_3,a01_s01_e02,25,25,0,500,524,,,0,
view_3,a01_s01_e03,25,25,0,882,906,,,0,
view_3,a01_s01_e04,28,28,0,1069,1096,,,0,
view_3,a01_s02_e00,21,21,0,80,100,,,0,
view_3,a01_s02_e01,27,27,0,257,283,,,0,
view_3,a01_s02_e02,26,26,0,440,465,,,0,
view_3,a01_s02_e03,29,29,0,635,663,,,0,
view_3,a01_s02_e04,23,23,0,813,835,,,0,
view_3,a01_s03_e00,29,29,0,240,268,,,0,
view_3,a01_s03_e01,33,33,0,505,537,,,0,
view_3,a01_s03_e02,37,37,0,784,820,,,0,
view_3,a01_s03_e03,41,41,0,875,915,,,0,
view_3,a01_s03_e04,34,34,0,1020,1053,,,0,
view_3,a01_s03_e05,31,31,0,1230,1260,,,0,
view_3,a01_s03_e06,31,31,0,1370,1400,,,0,
view_3,a01_s03_e07,28,28,0,1518,1545,,,0,
view_3,a01_s04_e00,21,21,0,167,187,,,0,
view_3,a01_s04_e01,23,23,0,558,580,,,0,
view_3,a01_s04_e02,26,26,0,715,740,,,0,
view_3,a01_s04_e03,21,21,0,855,875,,,0,
view_3,a01_s04_e04,21,21,0,990,1010,,,0,
view_3,a01_s06_e00,21,21,0,420,440,,,0,
view_3,a01_s06_e01,21,21,0,540,560,,,0,
view_3,a01_s06_e02,26,26,0,655,680,,,0,
view_3,a01_s06_e03,21,21,0,795,815,,,0,
view_3,a01_s06_e04,17,17,0,930,946,,,0,
view_3,a01_s07_e00,28,28,0,318,345,,,0,
view_3,a01_s07_e01,26,26,0,795,820,,,0,
view_3,a01_s07_e02,31,31,0,1040,1070,,,0,
view_3,a01_s07_e03,31,31,0,1308,1338,,,0,
view_3,a01_s07_e04,26,26,0,1545,1570,,,0,
view_3,a01_s08_e00,21,21,0,247,267,,,0,
view_3,a01_s08_e01,21,21,0,620,640,,,0,
view_3,a01_s08_e02,36,36,0,1000,1035,,,0,
view_3,a01_s08_e03,27,27,0,1310,1336,,,0,
view_3,a01_s08_e04,23,23,0,1460,1482,,,0,
view_3,a01_s09_e00,31,31,0,230,260,,,0,
view_3,a01_s09_e01,26,26,0,500,525,,,0,
view_3,a01_s09_e02,26,26,0,710,735,,,0,
view_3,a01_s09_e03,26,26,0,925,950,,,0,
view_3,a01_s09_e04,28,28,0,1083,1110,,,0,
view_3,a01_s10_e00,31,31,0,80,110,80,104,80.64516129,
view_3,a01_s10_e01,24,24,0,232,255,,,0,
view_3,a01_s10_e02,26,26,0,360,385,,,0,
view_3,a01_s10_e03,31,31,0,505,535,,,0,
view_3,a01_s10_e04,26,26,0,800,825,,,0,
view_3,a04_s01_e00,31,31,0,20,50,,,0,
view_3,a04_s01_e01,33,33,0,64,96,,,0,
view_3,a04_s01_e02,23,23,0,178,200,,,0,
view_3,a04_s01_e03,16,16,0,293,308,,,0,
view_3,a04_s01_e04,16,16,0,425,440,,,0,
view_3,a04_s01_e05,16,16,0,495,510,,,0,
view_3,a04_s01_e06,19,19,0,537,555,,,0,
view_3,a04_s01_e07,16,16,0,680,695,,,0,
view_3,a04_s01_e08,16,16,0,730,745,,,0,
view_3,a04_s02_e00,31,31,0,124,154,,,0,
view_3,a04_s02_e01,36,36,0,190,225,,,0,
view_3,a04_s02_e02,21,21,0,300,320,,,0,
view_3,a04_s02_e03,19,19,0,492,510,,,0,
view_3,a04_s02_e04,16,16,0,585,600,,,0,
view_3,a04_s03_e00,14,14,0,102,115,,,0,
view_3,a04_s03_e01,16,16,0,160,175,,,0,
view_3,a04_s03_e02,11,11,0,285,295,,,0,
view_3,a04_s03_e03,21,21,0,530,550,,,0,
view_3,a04_s03_e04,21,21,0,610,630,,,0,
view_3,a04_s04_e00,11,11,0,70,80,,,0,
view_3,a04_s04_e01,13,13,0,128,140,,,0,
view_3,a04_s04_e02,11,11,0,275,285,,,0,
view_3,a04_s04_e03,21,21,0,340,360,,,0,
view_3,a04_s04_e04,21,21,0,390,410,,,0,
view_3,a04_s06_e00,16,16,0,75,90,,,0,
view_3,a04_s06_e01,16,16,0,130,145,,,0,
view_3,a04_s06_e02,21,21,0,170,190,,,0,
view_3,a04_s06_e03,16,16,0,270,285,,,0,
view_3,a04_s06_e04,21,21,0,330,350,,,0,
view_3,a04_s07_e00,21,21,0,95,115,,,0,
view_3,a04_s07_e01,21,21,0,145,165,,,0,
view_3,a04_s07_e02,16,16,0,200,215,,,0,
view_3,a04_s07_e03,26,26,0,285,310,,,0,
view_3,a04_s07_e04,16,16,0,360,375,,,0,
view_3,a04_s08_e00,17,17,0,88,104,,,0,
view_3,a04_s08_e01,17,17,0,184,200,,,0,
view_3,a04_s08_e02,21,21,0,230,250,,,0,
view_3,a04_s08_e03,21,21,0,300,320,,,0,
view_3,a04_s08_e04,21,21,0,355,375,,,0,
view_3,a04_s09_e00,21,21,0,190,210,,,0,
view_3,a04_s09_e01,34,34,0,310,343,,,0,
view_3,a04_s09_e02,26,26,0,515,540,,,0,
view_3,a04_s09_e03,31,31,0,696,726,,,0,
view_3,a04_s09_e04,21,21,0,880,900,,,0,
view_3,a04_s10_e00,12,12,0,231,242,,,0,
view_3,a04_s10_e01,16,16,0,280,295,,,0,
view_3,a04_s10_e02,16,16,0,380,395,,,0,
view_3,a04_s10_e03,16,16,0,460,475,,,0,
view_3,a04_s10_e04,16,16,0,550,565,,,0,
view_3,a05_s01_e00,20,20,0,16,35,,,0,
view_3,a05_s01_e01,21,21,0,170,190,,,0,
view_3,a05_s01_e02,22,22,0,287,308,,,0,
view_3,a05_s01_e03,19,19,0,394,412,,,0,
view_3,a05_s01_e04,21,21,0,494,514,,,0,
view_3,a05_s02_e00,27,27,0,82,108,,,0,
view_3,a05_s02_e01,19,19,0,192,210,,,0,
view_3,a05_s02_e02,21,21,0,300,320,,,0,
view_3,a05_s02_e03,21,21,0,395,415,,,0,
view_3,a05_s02_e04,26,26,0,490,515,,,0,
view_3,a05_s03_e00,20,20,0,111,130,,,0,
view_3,a05_s03_e01,17,17,0,239,255,,,0,
view_3,a05_s03_e02,21,21,0,378,398,,,0,
view_3,a05_s03_e03,14,14,0,497,510,,,0,
view_3,a05_s03_e04,14,14,0,592,605,,,0,
view_3,a05_s04_e00,21,21,0,65,85,,,0,
view_3,a05_s04_e01,24,24,0,162,185,,,0,
view_3,a05_s04_e02,21,21,0,290,310,,,0,
view_3,a05_s04_e03,21,21,0,415,435,,,0,
view_3,a05_s04_e04,21,21,0,538,558,,,0,
view_3,a05_s06_e00,26,26,0,65,90,,,0,
view_3,a05_s06_e01,16,16,0,165,180,,,0,
view_3,a05_s06_e02,16,16,0,268,283,,,0,
view_3,a05_s06_e03,26,26,0,355,380,,,0,
view_3,a05_s06_e04,18,18,0,455,472,,,0,
view_3,a05_s07_e00,36,36,0,90,125,,,0,
view_3,a05_s07_e01,41,41,0,235,275,,,0,
view_3,a05_s07_e02,26,26,0,455,480,,,0,
view_3,a05_s07_e03,36,36,0,665,700,,,0,
view_3,a05_s07_e04,21,21,0,845,865,,,0,
view_3,a05_s07_e05,18,18,0,1025,1042,,,0,
view_3,a05_s08_e00,26,26,0,65,90,,,0,
view_3,a05_s08_e01,21,21,0,215,235,,,0,
view_3,a05_s08_e02,16,16,0,327,342,,,0,
view_3,a05_s08_e03,26,26,0,570,595,,,0,
view_3,a05_s08_e04,19,19,0,785,803,,,0,
view_3,a05_s08_e05,21,21,0,980,1000,,,0,
view_3,a05_s09_e00,28,28,0,228,255,,,0,
view_3,a05_s09_e01,26,26,0,435,460,,,0,
view_3,a05_s09_e02,26,26,0,610,635,,,0,
view_3,a05_s09_e03,21,21,0,788,808,,,0,
view_3,a05_s09_e04,21,21,0,978,998,,,0,
view_3,a05_s10_e00,33,33,0,296,328,,,0,
view_3,a05_s10_e01,26,26,0,455,480,,,0,
view_3,a05_s10_e02,34,34,0,662,695,,,0,
view_3,a05_s10_e03,26,26,0,830,855,,,0,
view_3,a05_s10_e04,19,19,0,1045,1063,,,0,
view_3,a06_s01_e00,21,21,0,45,65,,,0,
view_3,a06_s01_e01,21,21,0,200,220,,,0,
view_3,a06_s01_e02,21,21,0,320,340,,,0,
view_3,a06_s01_e03,21,21,0,425,445,,,0,
view_3,a06_s01_e04,16,16,0,525,540,,,0,
view_3,a06_s02_e00,16,16,0,125,140,,,0,
view_3,a06_s02_e01,16,16,0,230,245,,,0,
view_3,a06_s02_e02,21,21,0,330,350,,,0,
view_3,a06_s02_e03,17,17,0,424,440,,,0,
view_3,a06_s02_e04,16,16,0,520,535,,,0,
view_3,a06_s03_e00,16,16,0,160,175,,,0,
view_3,a06_s03_e01,26,26,0,305,330,,,0,
view_3,a06_s03_e02,21,21,0,440,460,,,0,
view_3,a06_s03_e03,19,19,0,537,555,,,0,
view_3,a06_s03_e04,16,16,0,620,635,,,0,
view_3,a06_s04_e00,16,16,0,115,130,,,0,
view_3,a06_s04_e01,21,21,0,225,245,,,0,
view_3,a06_s04_e02,21,21,0,350,370,,,0,
view_3,a06_s04_e03,16,16,0,490,505,,,0,
view_3,a06_s04_e04,13,13,0,598,610,,,0,
view_3,a06_s06_e00,21,21,0,100,120,,,0,
view_3,a06_s06_e01,19,19,0,182,200,,,0,
view_3,a06_s06_e02,21,21,0,285,305,,,0,
view_3,a06_s06_e03,11,11,0,390,400,,,0,
view_3,a06_s06_e04,11,11,0,490,500,,,0,
view_3,a06_s07_e00,8,8,0,130,137,,,0,
view_3,a06_s07_e01,16,16,0,295,310,,,0,
view_3,a06_s07_e02,16,16,0,500,515,,,0,
view_3,a06_s07_e03,26,26,0,710,735,,,0,
view_3,a06_s07_e04,21,21,0,880,900,,,0,
view_3,a06_s07_e05,21,21,0,1050,1070,,,0,
view_3,a06_s08_e00,21,21,0,100,120,,,0,
view_3,a06_s08_e01,16,16,0,255,270,,,0,
view_3,a06_s08_e02,11,11,0,348,358,,,0,
view_3,a06_s08_e03,21,21,0,612,632,,,0,
view_3,a06_s08_e04,17,17,0,827,843,,,0,
view_3,a06_s08_e05,21,21,0,1040,1060,,,0,
view_3,a06_s09_e00,21,21,0,308,328,,,0,
view_3,a06_s09_e01,21,21,0,500,520,,,0,
view_3,a06_s09_e02,26,26,0,670,695,,,0,
view_3,a06_s09_e03,21,21,0,852,872,,,0,
view_3,a06_s09_e04,16,16,0,1028,1043,,,0,
view_3,a06_s10_e00,31,31,0,335,365,,,0,
view_3,a06_s10_e01,21,21,0,504,524,,,0,
view_3,a06_s10_e02,25,25,0,708,732,,,0,
view_3,a06_s10_e03,21,21,0,873,893,,,0,
view_3,a06_s10_e04,16,16,0,1095,1110,,,0,
view_3,a08_s01_e00,51,51,0,95,145,,,0,
view_3,a08_s01_e01,61,61,0,285,345,,,0,
view_3,a08_s01_e02,78,78,0,468,545,,,0,
view_3,a08_s01_e03,76,76,0,720,795,,,0,
view_3,a08_s01_e04,71,71,0,945,1015,,,0,
view_3,a08_s02_e00,86,86,0,140,225,,,0,
view_3,a08_s02_e01,101,101,0,365,465,,,0,
view_3,a08_s02_e02,111,111,0,600,710,,,0,
view_3,a08_s02_e03,103,103,0,818,920,,,0,
view_3,a08_s02_e04,96,96,0,1025,1120,,,0,
view_3,a08_s03_e00,86,86,0,160,245,,,0,
view_3,a08_s03_e01,68,68,0,410,477,,,0,
view_3,a08_s03_e02,66,66,0,565,630,,,0,
view_3,a08_s03_e03,69,69,0,777,845,,,0,
view_3,a08_s03_e04,46,46,0,955,1000,,,0,
view_3,a08_s04_e00,49,49,0,83,131,,,0,
view_3,a08_s04_e01,56,56,0,320,375,,,0,
view_3,a08_s04_e02,67,67,0,567,633,,,0,
view_3,a08_s04_e03,68,68,0,838,905,,,0,
view_3,a08_s04_e04,56,56,0,1095,1150,,,0,
view_3,a08_s06_e00,96,96,0,85,180,,,0,
view_3,a08_s06_e01,134,134,0,350,483,,,0,
view_3,a08_s06_e02,93,93,0,798,890,,,0,
view_3,a08_s06_e03,120,120,0,1018,1137,,,0,
view_3,a08_s07_e00,51,51,0,100,150,,,0,
view_3,a08_s07_e01,126,126,0,380,505,,,0,
view_3,a08_s07_e02,46,46,0,745,790,,,0,
view_3,a08_s07_e03,63,63,0,1133,1195,,,0,
view_3,a08_s08_e00,68,68,0,45,112,,,0,
view_3,a08_s08_e01,52,52,0,372,423,,,0,
view_3,a08_s08_e02,51,51,0,717,767,,,0,
view_3,a08_s08_e03,62,62,0,1063,1124,,,0,
view_3,a08_s08_e04,61,61,0,1380,1440,,,0,
view_3,a08_s09_e00,91,91,0,72,162,,,0,
view_3,a08_s09_e01,91,91,0,530,620,,,0,
view_3,a08_s09_e02,134,134,0,942,1075,,,0,
view_3,a08_s09_e03,121,121,0,1330,1450,,,0,
view_3,a08_s09_e04,75,75,0,1666,1740,,,0,
view_3,a08_s10_e00,82,82,0,359,440,365,374,12.19512195,mid
view_3,a08_s10_e01,111,111,0,640,750,,,0,
view_3,a08_s10_e02,76,76,0,1020,1095,,,0,
view_3,a08_s10_e03,68,68,0,1320,1387,,,0,
view_3,a08_s10_e04,86,86,0,1600,1685,,,0,
view_3,a09_s01_e00,41,41,0,200,240,,,0,
view_3,a09_s01_e01,40,40,0,378,417,,,0,
view_3,a09_s01_e02,41,41,0,600,640,,,0,
view_3,a09_s01_e03,41,41,0,840,880,,,0,
view_3,a09_s01_e04,37,37,0,1064,1100,,,0,
view_3,a09_s02_e00,41,41,0,250,290,,,0,
view_3,a09_s02_e01,31,31,0,490,520,,,0,
view_3,a09_s02_e02,33,33,0,735,767,,,0,
view_3,a09_s02_e03,31,31,0,945,975,,,0,
view_3,a09_s02_e04,36,36,0,1160,1195,,,0,
view_3,a09_s03_e00,81,81,0,275,355,,,0,
view_3,a09_s03_e01,36,36,0,498,533,,,0,
view_3,a09_s03_e02,38,38,0,645,682,,,0,
view_3,a09_s03_e03,46,46,0,860,905,,,0,
view_3,a09_s03_e04,61,61,0,1015,1075,,,0,
view_3,a09_s04_e00,35,35,0,211,245,,,0,
view_3,a09_s04_e01,36,36,0,460,495,,,0,
view_3,a09_s04_e02,37,37,0,722,758,,,0,
view_3,a09_s04_e03,31,31,0,985,1015,,,0,
view_3,a09_s04_e04,56,56,0,1285,1340,,,0,
view_3,a09_s06_e00,80,80,0,186,265,,,0,
view_3,a09_s06_e01,41,41,0,545,585,,,0,
view_3,a09_s06_e02,56,56,0,895,950,,,0,
view_3,a09_s06_e03,56,56,0,1145,1200,,,0,
view_3,a09_s07_e00,41,41,0,180,220,,,0,
view_3,a09_s07_e01,51,51,0,520,570,,,0,
view_3,a09_s07_e02,38,38,0,958,995,,,0,
view_3,a09_s07_e03,44,44,0,1207,1250,,,0,
view_3,a09_s08_e00,52,52,0,152,203,,,0,
view_3,a09_s08_e01,48,48,0,551,598,,,0,
view_3,a09_s08_e02,49,49,0,870,918,,,0,
view_3,a09_s08_e03,46,46,0,1210,1255,,,0,
view_3,a09_s08_e04,63,63,0,1465,1527,,,0,
view_3,a09_s09_e00,56,56,0,255,310,,,0,
view_3,a09_s09_e01,56,56,0,720,775,,,0,
view_3,a09_s09_e02,81,81,0,1115,1195,,,0,
view_3,a09_s09_e03,56,56,0,1480,1535,,,0,
view_3,a09_s09_e04,68,68,0,1768,1835,,,0,
view_3,a09_s10_e00,54,54,0,460,513,,,0,
view_3,a09_s10_e01,55,55,0,829,883,,,0,
view_3,a09_s10_e02,49,49,0,1182,1230,,,0,
view_3,a09_s10_e03,54,54,0,1423,1476,,,0,
view_3,a09_s10_e04,51,51,0,1720,1770,,,0,
view_3,a11_s01_e00,14,14,0,234,247,,,0,
view_3,a11_s01_e01,14,14,0,317,330,,,0,
view_3,a11_s01_e02,15,15,0,413,427,,,0,
view_3,a11_s01_e03,18,18,0,500,517,,,0,
view_3,a11_s01_e04,16,16,0,590,605,,,0,
view_3,a11_s02_e00,31,31,0,240,270,,,0,
view_3,a11_s02_e01,14,14,0,370,383,,,0,
view_3,a11_s02_e02,29,29,0,494,522,,,0,
view_3,a11_s02_e03,29,29,0,605,633,,,0,
view_3,a11_s02_e04,35,35,0,724,758,,,0,
view_3,a11_s03_e00,46,46,0,200,245,,,0,
view_3,a11_s03_e01,21,21,0,270,290,,,0,
view_3,a11_s03_e02,21,21,0,350,370,,,0,
view_3,a11_s03_e03,36,36,0,425,460,,,0,
view_3,a11_s03_e04,26,26,0,560,585,,,0,
view_3,a11_s03_e05,26,26,0,600,625,,,0,
view_3,a11_s04_e00,31,31,0,58,88,,,0,
view_3,a11_s04_e01,21,21,0,140,160,,,0,
view_3,a11_s04_e02,21,21,0,350,370,,,0,
view_3,a11_s04_e03,36,36,0,400,435,,,0,
view_3,a11_s04_e04,21,21,0,492,512,,,0,
view_3,a11_s06_e00,26,26,0,65,90,,,0,
view_3,a11_s06_e01,21,21,0,155,175,,,0,
view_3,a11_s06_e02,18,18,0,358,375,,,0,
view_3,a11_s06_e03,16,16,0,525,540,,,0,
view_3,a11_s06_e04,12,12,0,580,591,,,0,
view_3,a11_s07_e00,31,31,0,140,170,,,0,
view_3,a11_s07_e01,20,20,0,467,486,,,0,
view_3,a11_s07_e02,16,16,0,780,795,,,0,
view_3,a11_s07_e03,22,22,0,1013,1034,,,0,
view_3,a11_s07_e04,23,23,0,1203,1225,,,0,
view_3,a11_s08_e00,35,35,0,42,76,,,0,
view_3,a11_s08_e01,26,26,0,361,386,,,0,
view_3,a11_s08_e02,21,21,0,537,557,,,0,
view_3,a11_s08_e03,12,12,0,728,739,,,0,
view_3,a11_s08_e04,19,19,0,1063,1081,,,0,
view_3,a11_s08_e05,28,28,0,1232,1259,,,0,
view_3,a11_s09_e00,26,26,0,115,140,,,0,
view_3,a11_s09_e01,16,16,0,325,340,,,0,
view_3,a11_s09_e02,26,26,0,820,845,,,0,
view_3,a11_s09_e03,15,15,0,1103,1117,,,0,
view_3,a11_s09_e04,22,22,0,1445,1466,,,0,
view_3,a11_s10_e00,16,16,0,150,165,,,0,
view_3,a11_s10_e01,36,36,0,535,570,,,0,
view_3,a11_s10_e02,61,61,0,750,810,,,0,
view_3,a11_s10_e03,51,51,0,870,920,,,0,
view_3,a11_s10_e04,24,24,0,1020,1043,,,0,
view_3,a12_s01_e00,18,18,0,65,82,,,0,
view_3,a12_s01_e01,17,17,0,154,170,,,0,
view_3,a12_s01_e02,14,14,0,253,266,,,0,
view_3,a12_s01_e03,18,18,0,338,355,,,0,
view_3,a12_s01_e04,15,15,0,460,474,,,0,
view_3,a12_s02_e00,19,19,0,195,213,,,0,
view_3,a12_s02_e01,21,21,0,340,360,,,0,
view_3,a12_s02_e02,21,21,0,465,485,,,0,
view_3,a12_s02_e03,21,21,0,625,645,,,0,
view_3,a12_s02_e04,16,16,0,770,785,,,0,
view_3,a12_s03_e00,21,21,0,70,90,,,0,
view_3,a12_s03_e01,11,11,0,165,175,,,0,
view_3,a12_s03_e02,18,18,0,303,320,,,0,
view_3,a12_s03_e03,21,21,0,410,430,,,0,
view_3,a12_s03_e04,16,16,0,590,605,,,0,
view_3,a12_s04_e00,16,16,0,25,40,,,0,
view_3,a12_s04_e01,16,16,0,230,245,,,0,
view_3,a12_s04_e02,13,13,0,388,400,,,0,
view_3,a12_s04_e03,11,11,0,480,490,,,0,
view_3,a12_s04_e04,14,14,0,572,585,,,0,
view_3,a12_s06_e00,11,11,0,45,55,,,0,
view_3,a12_s06_e01,11,11,0,140,150,,,0,
view_3,a12_s06_e02,18,18,0,495,512,,,0,
view_3,a12_s06_e03,17,17,0,577,593,,,0,
view_3,a12_s06_e04,16,16,0,750,765,,,0,
view_3,a12_s07_e00,11,11,0,90,100,,,0,
view_3,a12_s07_e01,16,16,0,280,295,,,0,
view_3,a12_s07_e02,13,13,0,515,527,,,0,
view_3,a12_s07_e03,21,21,0,692,712,,,0,
view_3,a12_s07_e04,21,21,0,882,902,,,0,
view_3,a12_s08_e00,16,16,0,71,86,,,0,
view_3,a12_s08_e01,16,16,0,195,210,,,0,
view_3,a12_s08_e02,16,16,0,305,320,,,0,
view_3,a12_s08_e03,14,14,0,417,430,,,0,
view_3,a12_s08_e04,14,14,0,530,543,,,0,
view_3,a12_s09_e00,24,24,0,92,115,,,0,
view_3,a12_s09_e01,18,18,0,283,300,,,0,
view_3,a12_s09_e02,23,23,0,488,510,,,0,
view_3,a12_s09_e03,17,17,0,689,705,,,0,
view_3,a12_s09_e04,26,26,0,850,875,,,0,
view_3,a12_s10_e00,21,21,0,153,173,,,0,
view_3,a12_s10_e01,21,21,0,277,297,,,0,
view_3,a12_s10_e02,21,21,0,400,420,,,0,
view_3,a12_s10_e03,16,16,0,520,535,,,0,
view_3,a12_s10_e04,21,21,0,650,670,,,0,
